
insert into Population(Id, Name, PlaceOfBirth, Address, DateOfBirth, Sex, Relegion, Career, OriginalAddress) values('445577249830', N'Nguyễn Thanh Vinh', N'TP Hồ Chí Minh', N'12 Tân Hải, Phường 13, Tân Bình', '11/13/2001' ,'1' ,N'Đạo chúa' ,N'Thiết kế đồ họa', N'12 Tân Hải, Phường 13, Tân Bình')
insert into Population(Id, Name, PlaceOfBirth, Address, DateOfBirth, Sex, Relegion, Career, OriginalAddress) values('398807346472', N'Lê Hoàng Long', N'Bình Dương', N'C300 khu phố Bình Đức 1, Lái Thiêu, Thuận An' ,'1/26/1958' ,'1' ,'Đạo chúa', 'Kĩ sư phần mềm II', N'C300 khu phố Bình Đức 1, Lái Thiêu, Thuận An')
insert into Population(Id, Name, PlaceOfBirth, Address, DateOfBirth, Sex, Relegion, Career, OriginalAddress) values('288341482322', N'Nguyễn Âu Duy', N'Bình Dương', N'10 đường Phan Thanh Giản, Lái Thiêu, Thuận An' ,'6/19/1988' ,'1' ,N'Đạo phật', N'Nhà tâm lí học', N'10 đường Phan Thanh Giản')
insert into Population(Id, Name, PlaceOfBirth, Address, DateOfBirth, Sex, Relegion, Career, OriginalAddress) values('969687522747', N'Lê Trọng Nhân', N'TP Hồ Chí Minh', N'Nguyễn Hồng Đào, Tân Sơn Nhì, Tân Phú' ,'8/6/1978' ,'1' ,N'Đạo phật', N'Bán quần áo', N'Nguyễn Hồng Đào, Tân Sơn Nhì, Tân Phú')
insert into Population(Id, Name, PlaceOfBirth, Address, DateOfBirth, Sex, Relegion, Career, OriginalAddress) values('840094038854', N'Phương Mĩ Lam', 'Bình Dương', N'9 đường Phan Đình Phùng, khu phố chợ, Lái Thiêu, Thuận An' ,'2/21/1985' ,'0' ,N'Không có', N'Bác sĩ', N'9 đường Phan Đình Phùng, khu phố chợ, Lái Thiêu, Thuận An')

insert into Population(Id, Name, PlaceOfBirth, Address, DateOfBirth, Sex, Relegion, Career, OriginalAddress) values('270987964659', N'Nguyễn Thành Tâm', N'TP Hồ Chí Minh', N'12 Tân Hải, Phường 13, Tân Bình' ,'4/13/2002' ,'1' ,N'Đạo chúa', N'Trợ lí giáo sư', N'12 Tân Hải, Phường 13, Tân Bình') --K4785
insert into Population(Id, Name, PlaceOfBirth, Address, DateOfBirth, Sex, Relegion, Career, OriginalAddress) values('709532487783', N'Nguyễn Khoa Điền', N'TP Hồ Chí Minh', N'10 đường Phan Thanh Giản, Lái Thiêu, Thuận An' ,'3/5/1999' ,'0' ,N'Đạo chúa', N'Phó giám đốc công ti', N'10 đường Phan Thanh Giản, Lái Thiêu, Thuận An') --A4231
insert into Population(Id, Name, PlaceOfBirth, Address, DateOfBirth, Sex, Relegion, Career, OriginalAddress, isTResidence, isAbsence) values('684398172813', N'Lê Thiện Lợi', N'Bình Dương', N'91 Tân Hải, Phường 14, Tân Bình' ,'9/30/1989' ,'1' ,N'Không có', N'Quản lí cơ sở dữ liệu III', N'12 Tân Hải, Phường 13, Tân Bình', '1', '1') --K4785
insert into Population(Id, Name, PlaceOfBirth, Address, DateOfBirth, Sex, Relegion, Career, OriginalAddress) values('484322022659', N'Phương Mĩ Châu', N'TP Hồ Chí Minh', N'10 đường Phan Thanh Giản, Lái Thiêu, Thuận An' ,'12/25/2000' ,'1' ,N'Không có', N'Nhà kinh tế', N'10 đường Phan Thanh Giản, Lái Thiêu, Thuận An') --A4231
insert into Population(Id, Name, PlaceOfBirth, Address, DateOfBirth, Sex, Relegion, Career, OriginalAddress) values('858767781011', N'Nguyễn Kim Cúc', N'TP Hồ Chí Minh',N'12 Tân Hải, Phường 13, Tân Bình' ,'6/10/1968' ,'0' ,N'Đạo phật', N'Kĩ sư', N'C300 khu phố Bình Đức 1, Lái Thiêu, Thuận An') --K4785
insert into Population(Id, Name, PlaceOfBirth, Address, DateOfBirth, Sex, Relegion, Career, OriginalAddress, isTResidence, isAbsence) values('864578453241', N'Nguyễn Thành Lam', N'Bình Dương', N'10 khu phố Đông Tư' ,'5/13/2002' ,'1' ,N'Đạo chúa', N'Quản lí khách sạn', N'12c Nguyễn Hồng Đào, Tân Sơn Nhì, Tân Phú', '1', '1') --D1332
insert into Population(Id, Name, PlaceOfBirth, Address, DateOfBirth, Sex, Relegion, Career, OriginalAddress) values('702374879589', N'Nguyễn Thiên Loan', N'TP Hồ Chí Minh', N'12c Nguyễn Hồng Đào, Tân Sơn Nhì, Tân Phú' ,'6/5/1999' ,'0' ,N'Đạo chúa', N'Nhà phân tích tài chính', N'12c Nguyễn Hồng Đào, Tân Sơn Nhì, Tân Phú') --D1332
insert into Population(Id, Name, PlaceOfBirth, Address, DateOfBirth, Sex, Relegion, Career, OriginalAddress) values('684788545612', N'Vương Thịnh Lợi', N'TP Hồ Chí Minh', '9 đường Phan Đình Phùng, khu phố chợ, Lái Thiêu, Thuận An' ,'7/30/1989' ,'1' ,N'Không có', N'Giáo sư', '9 đường Phan Đình Phùng, khu phố chợ, Lái Thiêu, Thuận An') --D1000
insert into Population(Id, Name, PlaceOfBirth, Address, DateOfBirth, Sex, Relegion, Career, OriginalAddress, isAbsence) values('678984111233', N'Hoàng Nhật Anh', N'Bình Dương', N'C300 khu phố Bình Đức 1, Lái Thiêu, Thuận An' ,'8/25/2000' ,'1' ,N'Không có', N'Sinh viên', N'C300 khu phố Bình Đức 1, Lái Thiêu, Thuận An', '1') --T6789
insert into Population(Id, Name, PlaceOfBirth, Address, DateOfBirth, Sex, Relegion, Career, OriginalAddress) values('800154567101', N'Hoàng Thị Yến', N'Bình Dương', N'C300 khu phố Bình Đức 1, Lái Thiêu, Thuận An' ,'10/10/1968' ,'0' ,N'Đạo phật', N'Giáo viên', N'12 Tân Hải, Phường 13, Tân Bình') --T6789
insert into Population(Id, Name, PlaceOfBirth, Address, DateOfBirth, Sex, Relegion, Career, OriginalAddress) values('854000124601', N'Lê Thành Tâm', N'TP Hồ Chí Minh', N'C300 khu phố Bình Đức 1, Lái Thiêu, Thuận An' ,'1/13/2002' ,'1' ,N'Đạo chúa', N'Sinh viên', N'C300 khu phố Bình Đức 1, Lái Thiêu, Thuận An') --T6789
insert into Population(Id, Name, PlaceOfBirth, Address, DateOfBirth, Sex, Relegion, Career, OriginalAddress, isAbsence) values('254871005456', N'Vương Kim Nhi', N'Bình Dương', N'9 đường Phan Đình Phùng, khu phố chợ, Lái Thiêu, Thuận An' ,'2/5/1999' ,'0' ,N'Đạo chúa', N'Trợ lí giảng viên', '9 đường Phan Đình Phùng, khu phố chợ, Lái Thiêu, Thuận An', '1') --D1000
insert into Population(Id, Name, PlaceOfBirth, Address, DateOfBirth, Sex, Relegion, Career, OriginalAddress, isTResidence, isAbsence) values('802123450474', N'Lê Quang Thắng', N'TP Hồ Chí Minh', N'12 Châu Văn Sĩ, khu phố chợ' ,'5/30/1989' ,'1' ,N'Không có', N'Chủ cửa hàng', '9 đường Phan Đình Phùng, khu phố chợ, Lái Thiêu, Thuận An', '1', '1') --D1000
insert into Population(Id, Name, PlaceOfBirth, Address, DateOfBirth, Sex, Relegion, Career, OriginalAddress) values('757800456790', N'Nguyễn Chí Minh', N'Bình Dương', N'C300 khu phố Bình Đức 1, Lái Thiêu, Thuận An' ,'7/5/2000' ,'1' ,N'Không có', N'Sinh viên', N'C300 khu phố Bình Đức 1, Lái Thiêu, Thuận An') --T6789


insert into Household_Registration (Id, IdOfOwner, NameOfOwner, Address) values ('K4785', '445577249830', N'Nguyễn Thanh Vinh', N'12 Tân Hải, Phường 13, Tân Bình')
insert into Household_Registration (Id, IdOfOwner, NameOfOwner, Address) values ('T6789', '398807346472', N'Lê Hoàng Long', N'C300 khu phố Bình Đức 1, Lái Thiêu, Thuận An')
insert into Household_Registration (Id, IdOfOwner, NameOfOwner, Address) values ('A4231', '288341482322', N'Nguyễn Âu Duy', N'10 đường Phan Thanh Giản, Lái Thiêu, Thuận An')
insert into Household_Registration (Id, IdOfOwner, NameOfOwner, Address) values ('D1332', '969687522747', N'Lê Trọng Nhân', N'12c Nguyễn Hồng Đào, Tân Sơn Nhì, Tân Phú')
insert into Household_Registration (Id, IdOfOwner, NameOfOwner, Address) values ('D1000', '840094038854', N'Phương Mĩ Lam', N'9 đường Phan Đình Phùng, khu phố chợ, Lái Thiêu, Thuận An')

insert into Family_Household (Id_Household, Id_Owner, Id_Person, Name_Person) values ('K4785', '445577249830', '445577249830', N'Nguyễn Thanh Vinh')
insert into Family_Household (Id_Household, Id_Owner, Id_Person, Name_Person) values ('K4785', '445577249830', '270987964659', N'Nguyễn Thành Tâm')
insert into Family_Household (Id_Household, Id_Owner, Id_Person, Name_Person) values ('K4785', '445577249830', '684398172813', N'Lê Thiện Lợi')
insert into Family_Household (Id_Household, Id_Owner, Id_Person, Name_Person) values ('K4785', '445577249830', '858767781011', N'Nguyễn Kim Cúc')
insert into Family_Household (Id_Household, Id_Owner, Id_Person, Name_Person) values ('A4231', '288341482322', '288341482322', N'Nguyễn Âu Duy')
insert into Family_Household (Id_Household, Id_Owner, Id_Person, Name_Person) values ('A4231', '288341482322', '709532487783', N'Nguyễn Khoa Điền')
insert into Family_Household (Id_Household, Id_Owner, Id_Person, Name_Person) values ('A4231', '288341482322', '484322022659', N'Phương Mĩ Châu')
insert into Family_Household (Id_Household, Id_Owner, Id_Person, Name_Person) values ('D1332', '969687522747', '969687522747', N'Lê Trọng Nhân')
insert into Family_Household (Id_Household, Id_Owner, Id_Person, Name_Person) values ('D1332', '969687522747', '864578453241', N'Nguyễn Thành Lam')
insert into Family_Household (Id_Household, Id_Owner, Id_Person, Name_Person) values ('D1332', '969687522747', '702374879589', N'Nguyễn Thiên Loan')
insert into Family_Household (Id_Household, Id_Owner, Id_Person, Name_Person) values ('D1000', '840094038854', '840094038854', N'Phương Mĩ Lam')
insert into Family_Household (Id_Household, Id_Owner, Id_Person, Name_Person) values ('D1000', '840094038854', '684788545612', N'Vương Thịnh Lợi')
insert into Family_Household (Id_Household, Id_Owner, Id_Person, Name_Person) values ('D1000', '840094038854', '254871005456', N'Vương Kim Nhi')
insert into Family_Household (Id_Household, Id_Owner, Id_Person, Name_Person) values ('D1000', '840094038854', '802123450474', N'Lê Quang Thắng')
insert into Family_Household (Id_Household, Id_Owner, Id_Person, Name_Person) values ('T6789', '398807346472', '398807346472', N'Lê Hoàng Long')
insert into Family_Household (Id_Household, Id_Owner, Id_Person, Name_Person) values ('T6789', '398807346472', '757800456790', N'Nguyễn Chí Minh')
insert into Family_Household (Id_Household, Id_Owner, Id_Person, Name_Person) values ('T6789', '398807346472', '678984111233', N'Hoàng Nhật Anh')
insert into Family_Household (Id_Household, Id_Owner, Id_Person, Name_Person) values ('T6789', '398807346472', '800154567101', N'Hoàng Thị Yến')
insert into Family_Household (Id_Household, Id_Owner, Id_Person, Name_Person) values ('T6789', '398807346472', '854000124601', N'Lê Thành Tâm')


insert into Transfer_Household (Id, Id_Owner, CreateDate, Old_Id_Household, Old_Address, New_Id_Household, New_Address) values ('F7621', '800154567101', '2020-10-18', 'K4785' ,N'12 Tân Hải, Phường 13, Tân Bình' , 'T6789', N'C300 khu phố Bình Đức 1, Lái Thiêu, Thuận An')
insert into Transfer_Household (Id, Id_Owner, CreateDate, Old_Id_Household, Old_Address, New_Id_Household, New_Address) values ('K5124', '858767781011', '2021-12-10', 'T6789' , N'C300 khu phố Bình Đức 1, Lái Thiêu, Thuận An', 'K4785', N'12 Tân Hải, Phường 13, Tân Bình')


insert into Temporary_Residence (Id, Id_Owner, NameOfOwner, Id_Household, HouseOwnerName, PAddress, TAddress, CreateDate, ExpireDate) values ('V4555', '684398172813', N'Lê Thiện Lợi' ,'K4785', N'Nguyễn Thanh Vinh', N'12 Tân Hải, Phường 13, Tân Bình', N'91 Tân Hải, Phường 14, Tân Bình', '2020-4-19', '2023-4-19')
insert into Temporary_Residence (Id, Id_Owner, NameOfOwner, Id_Household, HouseOwnerName, PAddress, TAddress, CreateDate, ExpireDate) values ('V4556', '802123450474', N'Lê Quang Thắng' ,'D1000', N'Phương Mĩ Lam', N'9 đường Phan Đình Phùng, khu phố chợ, Lái Thiêu, Thuận An', N'12 Châu Văn Sĩ, khu phố chợ', '2020-4-19', '2023-4-19')
insert into Temporary_Residence (Id, Id_Owner, NameOfOwner, Id_Household, HouseOwnerName, PAddress, TAddress, CreateDate, ExpireDate) values ('V4557', '864578453241', N'Nguyễn Thành Lam' ,'D1332', N'Lê Trọng Nhân', N'12c Nguyễn Hồng Đào, Tân Sơn Nhì, Tân Phú', N'10 khu phố Đông Tư', '2020-4-19', '2023-4-19')

insert into Temporary_Absence (Id, Id_Owner, NameOfOwner, Id_Household, HouseOwnerName, CreateDate, ExpireDate) values ('T4522', '254871005456', N'Vương Kim Nhi', 'D1000', N'Phương Mĩ Lam', '2021-12-12', '2023-12-12')
insert into Temporary_Absence (Id, Id_Owner, NameOfOwner, Id_Household, HouseOwnerName, CreateDate, ExpireDate) values ('T7841', '802123450474', N'Lê Quang Thắng', 'D1000', N'Phương Mĩ Lam', '2021-12-12', '2023-12-12')
insert into Temporary_Absence (Id, Id_Owner, NameOfOwner, Id_Household, HouseOwnerName, CreateDate, ExpireDate) values ('T3145', '678984111233', N'Hoàng Nhật Anh', 'T6789', N'Lê Hoàng Long', '2021-12-12', '2023-12-12')
insert into Temporary_Absence (Id, Id_Owner, NameOfOwner, Id_Household, HouseOwnerName, CreateDate, ExpireDate) values ('T2254', '684398172813', N'Lê Thiện Lợi', 'K4785', N'Nguyễn Thanh Vinh', '2021-12-12', '2023-12-12')
insert into Temporary_Absence (Id, Id_Owner, NameOfOwner, Id_Household, HouseOwnerName, CreateDate, ExpireDate) values ('T0457', '864578453241', N'Nguyễn Thành Lam', 'D1332', N'Lê Trọng Nhân', '2021-12-12', '2023-12-12')


